Store,store_name,Group_store,store_longitude,store_latitude,store_address
1,Effoc Coffee Nguyễn Văn Tráng,Effoc Coffee,106.6921077,10.7701311,"29 Nguyễn Văn Tráng, Phường Phạm Ngũ Lão, Quận 1, Thành Phố Hồ Chí Minh, VIỆT NAM"
2,KOI THÉ GÒ VẤP,KOI Thé,106.69293799999998,10.824744,"L6.2 Khu Dân Cư City Land  Phan Văn Trị, Phường 5, Quận Gò Vấp, Thành Phố Hồ Chí Minh, VIỆT NAM"
3,Phúc Long Coffee & Tea House - Bitexco,Phúc Long Coffee & Tea House,106.7043,10.771572,"4F-16, Khu Vực ẩm thực Food Creative, Lầu 4, toà nhà Bitexco, số 2 Hải Triều, Phường Bến Nghé, Quận 1, Thành Phố Hồ Chí Minh, VIỆT NAM"
4,Gong Cha Biên Hòa,Gongcha,106.8302896,10.9469239,"K67 N2, Phường Thống Nhất, Thành phố Biên Hòa, Đồng Nai, VIỆT NAM"
5,Passio - 542 Huỳnh Tấn Phát,Passio,106.7301213,10.738098,"542  Huỳnh Tấn Phát, Phường Bình Thuận, Quận 7, Thành Phố Hồ Chí Minh, VIỆT NAM"
6,YiFang Taiwan Fruit Tea- Phạm Ngọc Thạch ,YiFang Tea,105.8327825,21.0075882,"Kiot số 10-11 B4  Phạm Ngọc Thạch, Phường Trung Liệt, Quận Đống Đa, Hà Nội, VIỆT NAM"
7,Phúc Long Coffee & Tea House - Phúc Long Hàng Điếu Hà Nội,Phúc Long Coffee & Tea House,105.84686299999998,21.0321779,"82-84 Hàng Điếu, Phường Cửa Đông, Quận Hoàn Kiếm, TP. Hà Nội"
8,ALTO COFFEE,ALTO COFFEE,106.6813637,10.7751194,"408 điện biên phủ, Phường 11, Quận 10, Thành Phố Hồ Chí Minh, VIỆT NAM"
9,KOI THÉ SAIGON GARDEN,KOI Thé,106.703576,10.773323,"108-110 Hồ Tùng Mậu, Phường Bến Nghé, Quận 1, Thành Phố Hồ Chí Minh, VIỆT NAM"
10,Share Tea Nguyễn Đình Chiểu,Sharetea,106.69481100000002,10.783691,"130A Nguyễn Đình Chiểu, Phường 6, Quận 3, Thành Phố Hồ Chí Minh, VIỆT NAM"
11,"Passio - Số 3 Building 9, CTY Phần Mềm Quang Trung",Passio,106.638007,10.847255,"Số 3 Building 9 Quang Trung , Phường Tân Hưng Thuận, Quận 12, Thành Phố Hồ Chí Minh, VIỆT NAM"
12,KOI THÉ NOWZONE,KOI Thé,106.683429,10.762204,"235 Nguyễn Văn Cừ, Phường Nguyễn Cư Trinh, Quận 1, Thành Phố Hồ Chí Minh, VIỆT NAM"
13,Passio - 179 Nguyễn Cư Trinh,Passio,106.6874989,10.7627325,"179B Nguyễn Cư Trinh, Phường Nguyễn Cư Trinh, Quận 1, Thành Phố Hồ Chí Minh, VIỆT NAM"
14,Toocha Sư Vạn Hạnh,Toocha,106.668293,10.774617999999998,"748 Sư Vạn Hạnh, Phường 12, Quận 10, Thành Phố Hồ Chí Minh, VIỆT NAM"
15,Cheese Coffee Nguyễn Du,Cheese Coffee,106.700886,10.779872,"53G Nguyễn Du, Phường Bến Nghé, Quận 1, TP.HCM"
16,Heekcaa Sài Gòn - Cửa hàng Lê Văn Sỹ,HEEKCAA,106.673846,10.78992,"491 Lê Văn Sỹ, P. 12, Quận 03, TPHCM"
17,Tocotoco - 51 Quốc Hương,Tocotoco,106.7324608,10.8026891,"51 Quốc Hương, Phường Thảo Điền, Quận 2, Thành Phố Hồ Chí Minh, VIỆT NAM"
18,Cheese Coffee Phan Văn Trị,Cheese Coffee,106.6931781,10.8133741,"190C Phan Văn Trị, Phường 11, Quận Bình Thạnh, Thành Phố Hồ Chí Minh, VIỆT NAM"
19,The Coffee House Quang Trung,The Coffee House,106.6637149,10.8347746,"293 Quang Trung, P.10, Q.Gò Vấp, Thành Phố Hồ Chí Minh, Việt Nam"
20,The Coffee House Nguyễn Ảnh Thủ,The Coffee House,106.613918,10.866396,"93/5B Nguyễn Ảnh Thủ, Phường Trung Chánh, Quận Hóc Môn, Thành Phố Hồ Chí Minh, VIỆT NAM"
21,TocoToco - 12 Tân Mai,Tocotoco,105.8511879,20.983402,"12 Tân Mai, Phường Tân Mai, Quận Hoàng Mai, Hà Nội, VIỆT NAM"
22,Tocotoco - 52 Hòa Bình,Tocotoco,106.640771,10.767827,"52 Hòa Bình, Phường 5, Quận 11, Thành Phố Hồ Chí Minh, VIỆT NAM"
23,Trung Nguyên Legend,Trung Nguyên Legend,105.849734,21.028387,"08 Nhà Chung, Phường Tràng Tiền, Quận Hoàn Kiếm, Hà Nội, VIỆT NAM"
24,My Life Coffee 160 Nguyễn Cư Trinh,My Life Coffee,106.688712,10.763512,"160 Nguyễn Cư Trinh, Phường Nguyễn Cư Trinh, Quận 1, Thành Phố Hồ Chí Minh, VIỆT NAM"
25,Sharetea 25 Nhà Thờ,Sharetea,105.8497,21.028813,"25  phố Nhà Thờ, Phường Hàng Trống, Quận Hoàn Kiếm, Hà Nội, VIỆT NAM"
26,Gongcha Hồ Tùng Mậu 2,Gongcha,106.7035159,10.772152,"89-91 Hồ Tùng Mậu, Phường Bến Nghé, Quận 1, Thành Phố Hồ Chí Minh, VIỆT NAM"
27,Phúc Long Coffee & Tea House - Vincom Quang Trung,Phúc Long Coffee & Tea House,106.6725251,10.8292414,"190 Quang Trung, P.10, Quận Gò Vấp"
28,MilanoCoffee,CAFE MILANO,106.6811621,10.7786265,"28 Nguyễn Phúc Nguyên, Phường 9, Quận 3, TP Hồ Chí Minh"
29,YiFang Taiwan Fruit Tea- Vinhome Gardenia ,YiFang Tea,105.76077820000002,21.0360908,"20B2 Hàm Nghi, Phường Mỹ Đình 2, Quận Nam Từ Liêm, Hà Nội, VIỆT NAM"
30,Smoothie - Phan Văn Trị,Smoothie,106.69342749999998,10.8237347,"366 Phan Văn Trị, Phường 5, Quận Gò Vấp, Thành Phố Hồ Chí Minh, VIỆT NAM"
31,Trung Nguyên Legend,Trung Nguyên Legend,105.849734,21.028387,"08 Nhà Chung, Phường Tràng Tiền, Quận Hoàn Kiếm, Hà Nội, VIỆT NAM"
32,Gongcha Hồ Tùng Mậu,Gongcha,106.7035244,10.772111099999998,"83 Hồ Tùng Mậu, Phường Bến Nghé, Quận 1, Thành Phố Hồ Chí Minh, VIỆT NAM"
33,Soya Garden - Nha Trang,Soya Garden,109.1963733,12.2406634,"L1-09A, TTTM A&B Central Square, Số 44 Trần Phú, Nha Trang, Khánh Hòa"
34,YiFang Taiwan Fruit Tea -174 Phan Xich Long,YiFang Tea,106.6863943,10.7990795,"174 Phan Xích Long, Phường 3, Quận Phú Nhuận, Thành Phố Hồ Chí Minh, VIỆT NAM"
35,MR GOOD TEA,MR GOOD TEA,105.8625069,20.991361,"107A9 Mai Động, Phường Mai Động, Quận Hoàng Mai, Hà Nội, VIỆT NAM"
36,Gong Cha Đà Nẵng,Gongcha,108.215714,16.0604039,"25-27-29 Nguyễn Văn Linh, Phường Hải Châu I, Quận Hải Châu, Đà Nẵng, VIỆT NAM"
37,Phúc Long Coffee & Tea House - Landmark 81,Phúc Long Coffee & Tea House,106.7174578,10.7995679,"số 772 Điện Biên Phủ, P.22, Q. Bình Thạnh, TPHCM"
38,Tocotoco - Time City,Tocotoco,105.8671037,20.9972755,"K4 Đường Thanh Niên, Time City, 458 Minh Khai, Phường Vĩnh Tuy, Quận Hai Bà Trưng, Hà Nội, VIỆT NAM"
39,TocoToco - Đường 41,Tocotoco,106.6999784,10.7580636,"Số 2 Đường 41, Phường 6, Quận 4, Thành Phố Hồ Chí Minh, VIỆT NAM"
40,Tocotoco - Cao Thắng HCM,Tocotoco,106.6826831,10.7697654,"58 Cao Thắng, Phường 5, Quận 3, Thành Phố Hồ Chí Minh, VIỆT NAM"
41,The Coffee House Phạm Ngũ Lão,The Coffee House,106.694525,10.769206,"159 Phạm Ngũ Lão, Quận 1, Hồ Chí Minh, Việt Nam"
42,The Coffee House Hoàng Cầu,The Coffee House,105.8208385,21.0163394,"68A Hoàng Cầu, P.Chợ Dừa, Q.Đống Đa, Hà Nội, Việt Nam"
43,TOOCHA D2,Toocha,106.716077,10.80654,"130 D2, Phường 25, Quận Bình Thạnh, Thành Phố Hồ Chí Minh, VIỆT NAM"
44,Phúc Long Coffee & Tea House - Lotte Q7,Phúc Long Coffee & Tea House,106.701859,10.740584,"1F-32 Tầng 1 Lotte Mart Nam Sài Gòn, Số 469 Nguyễn Hữu Thọ, Phường Tân Hưng, Quận 7, Thành Phố Hồ Chí Minh, VIỆT NAM"
45,Đen Đá Coffee Hàm Nghi,Đen Đá Coffee,106.702881,10.771216,"96 Hàm Nghi, Phường Bến Nghé, Quận 1"
46,Gong Cha Hải Phòng,Gongcha,106.6833252,20.8575245,"Số 21A Trần Hưng Đạo, Phường Hoàng Văn Thụ, Quận Hồng Bàng, Hải Phòng, VIỆT NAM"
47,The Coffee House Phạm Ngọc Thạch,The Coffee House,106.694555,10.784872,"19B Phạm Ngọc Thạch, Phường 6, Quận 3, Thành Phố Hồ Chí Minh, VIỆT NAM"
48,Yifang Tea Giảng Võ,YiFang Tea,105.8293569,21.0310671,"153 Giảng Võ, Đống Đa, Hà Nội, Việt Nam"
49,LEE KIM CHI COFFEE,LEE KIM CHI COFFEE,106.6840129,10.786586,"148/23 Lý Chính Thắng, Phường 7, Quận 3, Thành Phố Hồ Chí Minh, VIỆT NAM"
50,The Coffee House KDC Trung Sơn,The Coffee House,106.689368,10.73583,"112 - 114 đường 9A, Khu dân cư Trung Sơn, Phường Bình Hưng, Quận Bình Chánh, Thành Phố Hồ Chí Minh, VIỆT NAM"
51,Sharetea Nguyễn Sơn,Sharetea,106.630247,10.781518,"69A Nguyễn Sơn, Phường Tân Quý, Quận Tân Phú, Thành Phố Hồ Chí Minh, VIỆT NAM"
52,MR GOOD TEA,MR GOOD TEA,105.8625069,20.991361,"107A9 Mai Động, Phường Mai Động, Quận Hoàng Mai, Hà Nội, VIỆT NAM"
53,The Coffee House Đặng Văn Bi,The Coffee House,106.760202,10.84753,"201 Đặng Văn Bi, Phường Bình Thọ, Quận Thủ Đức, Thành Phố Hồ Chí Minh, VIỆT NAM"
54,The Coffee House Ngô Tất Tố,The Coffee House,106.7082902,10.7929678,"14B1 Ngô Tất Tố, P.22, Q.Bình Thạnh, Thành Phố Hồ Chí Minh, Việt Nam"
55,The Coffee House Thống Nhất,The Coffee House,106.66468,10.841706,"355 Đường Thống Nhất, phường 11, Thành phố Hồ Chí Minh, Việt Nam"
56,Phúc Long Coffee & Tea House - Nguyễn Đình Chiểu Bình Dương,Phúc Long Coffee & Tea House,106.6548654,10.979926400000002,"44 Nguyễn Đình Chiểu, P. Phú Cường,TP Thủ Dầu 1, Bình Dương"
57,Bobapop 58 Phan Đình Phùng,Bobapop,108.8013231,15.1249255,"58 Phan Đình Phùng, Thành Phố Quãng Ngãi, VIỆT NAM"
58,thealleyhotungmau,THE ALLEY,106.70344109999998,10.7731476,"114 Hồ Tùng Mậu, Phường Bến Nghé, Quận 1, Thành Phố Hồ Chí Minh, VIỆT NAM"
59,SHARETEA Dân Chủ,Sharetea,106.766861,10.849795," 107  Dân Chủ, Phường Bình Thọ, Quận Thủ Đức, Thành Phố Hồ Chí Minh, VIỆT NAM"
60,TocoToco - Sư Vạn Hạnh,Tocotoco,106.6705382,10.7703311,"770B Sư Vạn Hạnh, Phường 10, Quận 10, Thành Phố Hồ Chí Minh, VIỆT NAM"
61,Trung Nguyên Legend,Trung Nguyên Legend,105.849734,21.028387,"08 Nhà Chung, Phường Tràng Tiền, Quận Hoàn Kiếm, Hà Nội, VIỆT NAM"
62,YiFang Tea Ecopark,YiFang Tea,105.9235454,20.9731662,"C96 Phố Trúc, Khu đô thị Ecopark, Văn Giang, Hưng Yên"
63,Sawadee Quận 10,Sawadee,106.6657155,10.7594322,"388 Nguyễn Chí Thanh, Phường 5, Quận 10, Thành Phố Hồ Chí Minh, VIỆT NAM"
64,Effoc Coffee Phan Văn Trị,Effoc Coffee,106.6881159,10.82711,"661 Phan Văn Trị, Phường 7, Quận Gò Vấp, Thành Phố Hồ Chí Minh, VIỆT NAM"
65,TocoToco - Nguyễn Thái Sơn,Tocotoco,106.685095,10.820275,"38 Nguyễn Thái Sơn, Phường 3, Quận Gò Vấp, Thành Phố Hồ Chí Minh, VIỆT NAM"
66,Phúc Long Coffee & Tea House - Trường Chinh,Phúc Long Coffee & Tea House,106.638596,10.800711,"493 Trường Chinh, Phường 13, Quận Tân Bình, Thành Phố Hồ Chí Minh, VIỆT NAM"
67,Ihouse Coffee,IHOUSE CAFÉ,106.6632185,10.7817421,"i4b-i4c Hương Giang, Phường 15, Quận 10, Thành Phố Hồ Chí Minh, VIỆT NAM"
68,Đen Đá Coffee Bình Thạnh,Đen Đá Coffee,106.715833,10.806056,"26 - 28 đường D2, quận Bình Thạnh"
69,Tocotoco - 91 Nguyễn Sơn,Tocotoco,106.62970520000002,10.7818104,"91 Nguyễn Sơn, phường Phú Thạnh, Tân Phú, Hồ Chí Minh, Việt Nam"
70,Toocha Cộng Hòa ,Toocha,106.65156100000002,10.801926,"162-164 P12 Quận Tân Bình Cộng Hòa , Phường 12, Quận Tân Bình, Thành Phố Hồ Chí Minh, VIỆT NAM"
71,Toocha 510 Nguyễn Thị Minh Khai,Toocha,106.681936,10.7659346,"510 Nguyễn Thị Minh Khai, Phường Nguyễn Cư Trinh, Quận 1, Thành Phố Hồ Chí Minh, VIỆT NAM"
72,Tocotoco - 157 Nguyễn Văn Cừ,Tocotoco,105.8718657,21.0437755,"157 Nguyễn Văn Cừ, Phường Ngọc Lâm, Quận Long Biên, Hà Nội, VIỆT NAM"
73,Tocotocoo - 295 Dương Bá Trạc,Tocotoco,106.689259,10.744704,"295 Dương Bá Trạc, Phường 1, Quận 8, Thành Phố Hồ Chí Minh, VIỆT NAM"
74,The Coffee House Lê Thị Riêng,The Coffee House,106.691421,10.772402,"47 Lê Thị Riêng, Phường Phạm Ngũ Lão, Quận 1, Thành Phố Hồ Chí Minh, VIỆT NAM"
75,Cheese Coffee Hoa Lan,Cheese Coffee,106.6903757,10.7968049,"47G Hoa Lan, Phường 2, Quận Phú Nhuận, Thành Phố Hồ Chí Minh, VIỆT NAM"
76,The Coffee House Cao Thắng,The Coffee House,106.6791399,10.771416699999998,"88 Cao Thắng, P.3, Q.3, Thành Phố Hồ Chí Minh, Việt Nam"
77,The Coffee House 132 Hoàng Hoa Thám,The Coffee House,106.64532959999998,10.8008833,"132 Hoàng Hoa Thám, P.12, Q.Tân Bình, Thành Phố Hồ Chí Minh, Việt Nam"
78,KOI THÉ PHAN XÍCH LONG,KOI Thé,106.690151,10.79779,"220-222 Phan Xích Long, Phường 2, Quận Phú Nhuận, Thành Phố Hồ Chí Minh, VIỆT NAM"
79,Sharetea Hoàng Văn Thụ,Sharetea,106.655742,10.795501,"444 Hoàng Văn Thụ, Phường 4, Quận Tân Bình, Thành Phố Hồ Chí Minh, VIỆT NAM"
80,Sharetea 3/2,Sharetea,108.22271299999998,16.057635,"Lô 33-34 2/9, Phường Thạch Thang, Quận Hải Châu, Đà Nẵng, VIỆT NAM"
81,Toocha 103 Dân Chủ,Toocha,106.766791,10.849709,"103 Dân Chủ, phường Bình Thọ, quận Thủ Đức, Hồ Chí Minh, Việt Nam"
82,Tocotoco - AEON Long Biên,Tocotoco,105.8990103,21.026990100000013,"Tầng 3, AEON Mall Long Biên, 27 Cổ Linh, Phường Long Biên, Quận Long Biên, Hà Nội, VIỆT NAM"
83,TocoToco - Phan Xích Long,Tocotoco,106.688371,10.7983581,"280 Phan Xích Long, Phường 7, Quận Phú Nhuận, Thành Phố Hồ Chí Minh, VIỆT NAM"
84,Trung Nguyên Legend,Trung Nguyên Legend,105.849734,21.028387,"08 Nhà Chung, Phường Tràng Tiền, Quận Hoàn Kiếm, Hà Nội, VIỆT NAM"
85,B59 COFFEE,B59 COFFEE,105.815958,20.993166,"59 Khương Trung, Phường Khương Đình, Quận Thanh Xuân, Hà Nội, VIỆT NAM"
86,Trung Nguyên Legend,Trung Nguyên Legend,105.849734,21.028387,"08 Nhà Chung, Phường Tràng Tiền, Quận Hoàn Kiếm, Hà Nội, VIỆT NAM"
87,TOCOTOCO ĐƯỜNG SỐ 1,Tocotoco,106.6164791,10.7485264,"172 Đường số 1, Phường Bình Trị Đông B, Quận Bình Tân, HCM"
88,Bobapop Giga Mall,Bobapop,106.7209905,10.8276171,"Gian hàng 04-21B, Tầng 4 tòa nhà GIGA MALL 240 – 242 Đường Phạm Văn Đồng, Hiệp Bình Chánh, QuậnThủ Đức, Thành Phố Hồ Chí Minh, VIỆT NAM"
89,Gongcha Bình Minh,Gongcha,106.6581319,10.974933300000002,"03 Lý Thường Kiệt, Phường Chánh Nghĩa, Thành phố Thủ Dầu Một, Bình Dương, VIỆT NAM"
90,Phúc Long Coffee & Tea House - Nowzone,Phúc Long Coffee & Tea House,106.682269,10.764296,"235  Nguyễn Văn Cừ, Phường Nguyễn Cư Trinh, Quận 1, Thành Phố Hồ Chí Minh, VIỆT NAM"
91,Heekcaa Saigon - Vincom Nam Long,HEEKCAA,106.7326323,10.7440185,"71 Trần Trọng Cung, Tân Thuận Đông, Quận 7, Hồ Chí Minh, Việt Nam"
92,Soya Garden - Lũy Bán Bích,Soya Garden,106.634658,10.777889,"555 Lũy Bán Bích, phường Phú Thạnh, quận Tân Phú, Hồ Chí Minh, Việt Nam"
93,Đen Đá Coffee Lê văn Sỹ,Đen Đá Coffee,106.672007,10.791683,"110 Lê Văn Sỹ, P.10, Quận Phú Nhuận"
94,Trà Sữa Hefkcha,HEEKCAA,105.8062121,21.0232716,"71 Chùa Láng, Phường Láng Thượng, Quận Đống Đa, Hà Nội, VIỆT NAM"
95,Heekcaa Sài Gòn - Cửa hàng Thảo Điền Pearl,HEEKCAA,106.732845,10.801213,"12 Quốc Hương, P. Thảo Điền, Quận 02, TPHCM"
96,Phúc Long Coffee & Tea House - 42 Trần Cao Vân,Phúc Long Coffee & Tea House,106.696067,10.783017,"42 Trần Cao Vân, Phường 6, Quận 3, Thành Phố Hồ Chí Minh, VIỆT NAM"
97,Toocha 79 Nguyễn Văn Linh,Toocha,108.21994840000002,16.0606862,"Số 79 Nguyễn Văn Linh, Phường Phước Ninh, Quận Hải Châu, Thành Phố Đà Nẵng, VIỆT NAM"
98,The Coffee House Điện Biên Phủ,The Coffee House,106.676139,10.7719102,"469 Điện Biên Phủ, P.25, Q.Bình Thạnh, Thành Phố Hồ Chí Minh, Việt Nam"
99,Gongcha 70 Nguyễn Đình Chiểu,Gongcha,106.6992663,10.7884003,"70 Nguyễn Đình Chiểu, Phường Đa Kao, Quận 1, Thành Phố Hồ Chí Minh, VIỆT NAM"
100,The Coffee House Hoa Hồng,The Coffee House,106.6887345,10.7963575,"43 Hoa Hồng, P.2, Q.Phú Nhuận, Thành Phố Hồ Chí Minh, Việt Nam"
101,Gong Cha Đà Nẵng 2,Gongcha,108.24493490000002,16.0560155,"225 Nguyễn Văn Thoại, Phường Phước Mỹ, Quận Sơn Trà, Đà Nẵng, VIỆT NAM"
102,Taster's Choice 75 Lý Thường Kiệt ,Taster's Choice,105.844645,21.025306,"75 Lý Thường Kiệt, Hà Nội"
103,thealleysuvanhanh1,THE ALLEY,106.6672465,10.775700099999998,"539 Sư Vạn Hạnh (nd), Phường 13, Quận 10, Thành Phố Hồ Chí Minh, VIỆT NAM"
104,THE ALLEY 49-51 HOÀNG DIỆU Q4,THE ALLEY,106.706106,10.764424,"49-51 Hoàng Diệu, Phường 12, Quận 4, Thành Phố Hồ Chí Minh, VIỆT NAM"
105,Gongcha Phan Văn Trị,Gongcha,106.6890763,10.8262186,"595 Phan Văn Trị, Phường 3, Quận Gò Vấp, Thành Phố Hồ Chí Minh, VIỆT NAM"
106,CAFE MILANO NAM KỲ KHỞI NGHĨA,CAFE MILANO,106.682935,10.79006,"281/1A Nam kỳ Khởi Nghĩa, Phường 7, Quận 3, Thành Phố Hồ Chí Minh, VIỆT NAM"
107,Toocha Võ Thị Sáu ,Toocha,106.690204,10.786282,"170A P8 Quận 3 Võ Thị Sáu , Phường 8, Quận 3, Thành Phố Hồ Chí Minh, VIỆT NAM"
108,KOI THÉ GARDEN MALL,KOI Thé,106.6571,10.754933,"Lô 1.10, The Garden Mall, 190  Hồng Bàng, Phường 12, Quận 5, Thành Phố Hồ Chí Minh, VIỆT NAM"
109,Phúc Long Coffee & Tea House - Phúc Long Bà Hom,Phúc Long Coffee & Tea House,106.6298246,10.7555124,"76 Bà Hom, P.13, Quận 6"
110,Phúc Long Coffee & Tea House - Phúc Long Hà Nội,Phúc Long Coffee & Tea House,105.7823533,21.0362956," 241 Đường Xuân Thủy, Phường Dịch Vọng Hậu, Quận Cầu Giấy, TP. Hà Nội"
111,The Coffee House Hai Bà Trưng,The Coffee House,105.8508985,21.0240748,"23M Hai Bà Trưng, P.Hàng Bài , Q.Hoàn Kiếm, Hà Nội, Việt Nam"
112,KOI THÉ VINCOM,KOI Thé,106.740982,10.802625,"Vincom Mega Mall, số 161  Xa Lộ Hà Nội, KP1, Phường Thảo Điền, Quận 2, Thành Phố Hồ Chí Minh, VIỆT NAM"
113,TocoToco - Nguyễn Thái Học,Tocotoco,106.6949466,10.768754800000002,"83 Nguyễn Thái Học, Phường Cầu Ông Lãnh, Quận 1, Thành Phố Hồ Chí Minh, VIỆT NAM"
114,KOI THÉ LOTTE MART Q7,KOI Thé,106.701013,10.740844,"Lo 1F-31, Lotte Mart NSG, số 469 Nguyễn Hữu Thọ, Phường Tân Hưng, Quận 7, Thành Phố Hồ Chí Minh, VIỆT NAM"
115,Cafe Hào Nam 1,CAFE HÀO NAM,105.8266861,21.0223344,"32B  Hào Nam, Phường Phương Liên, Quận Đống Đa, Hà Nội, VIỆT NAM"
116,Laha Coffee Hàm Nghi Quận 1,LAHA COFFEE,106.703748,10.770524,"77b Hàm Nghi, Phường Nguyễn Thái Bình, Quận 1, Hồ Chí Minh, Việt Nam"
117,Smoothie - Điện Biên Phủ,Smoothie,106.718563,10.7999596,"561A Điện Biên Phủ, Phường 25, Quận Bình Thạnh, Thành Phố Hồ Chí Minh, VIỆT NAM"
118,TocoToco - Hồ Tùng Mậu,Tocotoco,106.703446,10.773183,"118 Hồ Tùng Mậu, Phường Bến Nghé, Quận 1, Thành Phố Hồ Chí Minh, VIỆT NAM"
119,Cheese Coffee Sư Vạn Hạnh,Cheese Coffee,106.6686288,10.7737039,"782 Sư Vạn Hạnh, Phường 12, Quận 10, Thành Phố Hồ Chí Minh, VIỆT NAM"
120,Trung Nguyên Legend,Trung Nguyên Legend,105.849734,21.028387,"08 Nhà Chung, Phường Tràng Tiền, Quận Hoàn Kiếm, Hà Nội, VIỆT NAM"
121,thealleyntt1,THE ALLEY,106.6780769,10.7693594,"255 Nguyễn Thiện Thuật, Phường 6, Quận 3, Thành Phố Hồ Chí Minh, VIỆT NAM"
122,The Coffee House Bà Triệu,The Coffee House,105.7796953,20.9682688,"56A Bà Triệu, P.Trần Hưng Đạo, Q.Hoàn Kiếm, Hà Nội, Việt Nam"
123,Toocha 207 Đường 30 tháng 4,Toocha,105.7759643,10.0260527,"207 Đường 30 tháng 4, Phường Xuận Khánh, Quận Ninh Kiều, Cần Thơ, VIỆT NAM"
124,Gong Cha Cần Thơ,Gongcha,105.7831432,10.0151132,"P1-03, Vincom Center Cần Thơ, Số 209 30/4, Phường Xuân Khánh, Quận Ninh Kiều, Cần Thơ, VIỆT NAM"
125,Passio - 1 Lê Văn Ninh,Passio,106.754708,10.8510503,"01 Lê Văn Ninh, Phường Linh Tây, Quận Thủ Đức, Thành Phố Hồ Chí Minh, VIỆT NAM"
126,Phúc Long Coffee & Tea House - Golden Plaza,Phúc Long Coffee & Tea House,106.654612,10.752818,"922 Nguyễn Trãi, Phường 14, Quận 5, Thành Phố Hồ Chí Minh, VIỆT NAM"
127,The Coffee House Võ Văn Tần,The Coffee House,106.68714,10.773452,"223 Võ Văn Tần, Phường 5, Quận 3, Thành Phố Hồ Chí Minh, VIỆT NAM"
128,MLC Bến Bạch Đằng ,My Life Coffee,106.706609,10.772214,"Bến Bạch Đằng  Bạch Đằng , Phường Đa Kao, Quận 1, Thành Phố Hồ Chí Minh, VIỆT NAM"
129,Mr Sạch Coffee 1,MR SẠCH COFFEE,105.82366129999998,21.0159475,"18  Võ Văn Dũng, Phường Phương Liên, Quận Đống Đa, Hà Nội, VIỆT NAM"
130,The Coffee House Bàu Cát,The Coffee House,106.64038290000002,10.7921355,"112 Bàu Cát, P.14, Q.Tân Bình, Thành Phố Hồ Chí Minh, Việt Nam"
131,Effoc Coffee Nguyễn Hữu Cảnh,Effoc Coffee,106.71093059999998,10.7896289,"19Q Nguyễn Hữu Cảnh, Phường 19, Quận Bình Thạnh, Thành Phố Hồ Chí Minh, VIỆT NAM"
132,The Coffee House 3/2,The Coffee House,106.6608827,10.7655278,"572 Ba Tháng Hai, P.14, Q.10, Thành Phố Hồ Chí Minh, Việt Nam"
133,Gong Cha Garden Mall,Gongcha,106.657143,10.7545959,"190  Hồng Bàng, Phường 12, Quận 5, Thành Phố Hồ Chí Minh, VIỆT NAM"
134,Laha Coffee Trần Cao Vân,LAHA COFFEE,106.6977235,10.7844063,"11b Trần Cao Vân, Phường Đa Kao, Quận 1, Thành Phố Hồ Chí Minh, VIỆT NAM"
135,Gongcha CT Plaza',Gongcha,106.6656982,10.8130933,"60A Trường Sơn, Phường 2, Quận Tân Bình, Thành Phố Hồ Chí Minh, VIỆT NAM"
136,Cheese Coffee Xô Viết Nghệ Tĩnh,Cheese Coffee,106.70923799999998,10.794916,"141 Xô Viết Nghệ Tĩnh, Phường 17, Quận Bình Thạnh, Thành Phố Hồ Chí Minh, VIỆT NAM"
137,Gongcha Garden Mall,Gongcha,106.6564931,10.7543646,"TTTM Garden Mall 190 Hồng Bàng, Phường 12, Quận 5, Thành Phố Hồ Chí Minh, VIỆT NAM"
138,Gongcha An Dương Vương,Gongcha,106.6759388,10.7584093,"496 An Dương Vương, Phường 4, Quận 5, Thành Phố Hồ Chí Minh, VIỆT NAM"
139,Soya Garden- Phù Đổng,Soya Garden,106.69368090000002,10.7714466,"325 Lý Tự Trọng, phường Bến Thành, Quận 1, Hồ Chí Minh, Việt Nam"
140,Tocotoco - Ninh Kiều Cần Thơ,Tocotoco,105.7857227,10.034443,"Lầu 2, Lô 8, Tòa nhà Sense City Đại Lộ Hòa Bình, Phường Tân An, Quận Ninh Kiều, Cần Thơ, VIỆT NAM"
141,Chew tea,CHEW TEA,105.7891452,21.0415937,"7B4 Trần Quốc Hoàn, Phường Dịch Vọng, Quận Cầu Giấy, Hà Nội, VIỆT NAM"
142,KOI THÉ NGUYỄN TRI PHƯƠNG,KOI Thé,106.668621,10.762493,"266  Nguyễn Tri Phương, Phường 4, Quận 10, Thành Phố Hồ Chí Minh, VIỆT NAM"
143,MLC Lê Duẩn,My Life Coffee,106.70125,10.783351," 2b  Lê Duẩn, Phường Bến Nghé, Quận 1, Thành Phố Hồ Chí Minh, VIỆT NAM"
144,KOI Vincom Đồng Khởi,KOI Thé,106.7018236,10.7781984,"Tầng B3, Vincom B, 72 Lê Thánh Tôn, Bến Nghé, Quận 1, Hồ Chí Minh, Việt Nam"
145,YiFang Taiwan Fruit Tea - 61 Bà Triệu,YiFang Tea,105.84976840000002,21.019454100000004,"61 Bà Triệu, Phường Bùi Thị Xuân, Quận Hai Bà Trưng, Hà Nội, VIỆT NAM"
146,Soya Garden - Cửu Long,Soya Garden,106.6622587,10.7819067,"52 Cửu Long, Phường 15, Quận 10, Hồ Chí Minh, Việt Nam"
147,Cheese Coffee Nguyễn Gia Trí,Cheese Coffee,106.7143333,10.802261,"06 Nguyễn Gia Trí, Phường 25, Quận Bình Thạnh, Thành Phố Hồ Chí Minh, VIỆT NAM"
148,Phúc Long Coffee & Tea House - 29 Ngô Đức kế						,Phúc Long Coffee & Tea House,106.705649,10.773425,"29 Ngô Đức Kế, Phường Bến Nghé, Quận 1, Thành Phố Hồ Chí Minh, VIỆT NAM"
149,Laha Coffee Đồng Nai Quận 10,LAHA COFFEE,106.6644114,10.7772855,"108 Đồng Nai, Phường 15, Quận 10, Hồ Chí Minh, Việt Nam"
150,Trà sữa Earl Tea 684 Sư Vạn Hạnh,EARL TEA,106.6701812,10.7710005,"684  Sư Vạn Hạnh, Phường 12, Quận 10, Thành Phố Hồ Chí Minh, VIỆT NAM"
151,thealleycmt81,THE ALLEY,106.6754255,10.7810506,"409 Cmt8, Phường 13, Quận 10, Thành Phố Hồ Chí Minh, VIỆT NAM"
152,KOI THÉ CAO THẮNG 62C,KOI Thé,106.682359,10.770316,"62C  Cao Thắng, Phường 5, Quận 3, Thành Phố Hồ Chí Minh, VIỆT NAM"
153,vivastar34dh,VIVO COFFEE,106.6704383,10.742105,"34 Đông Hồ, Phường 4, Quận 8, Thành Phố Hồ Chí Minh, VIỆT NAM"
154,Effoc An Dương Vương,Effoc Coffee,106.6766154,10.7583369,"435 An Dương Vương, Phường 3, Quận 5, Thành Phố Hồ Chí Minh, VIỆT NAM"
155,The Coffee House Lê Đại Hành,The Coffee House,106.6507593,10.767117,"403A - 405A Lê Đại Hành, P.11, Q.11, Thành Phố Hồ Chí Minh, Việt Nam"
156,BA LÁ TRÀ 67 TRƯỜNG SƠN,BA LÁ TRÀ,106.66466,10.810816,"67 Trường Sơn, Phường 10, Quận Tân Bình, Thành Phố Hồ Chí Minh, VIỆT NAM"
157,B59 Coffee,B59 COFFEE,105.8362636,21.0441196,"Số 11 Đường Thanh Niên, Phường Quán Thánh, Quận Ba Đình, Hà Nội"
158,Phúc Long Coffee & Tea House - Vincom Trần Phú NT,Phúc Long Coffee & Tea House,109.1976896,12.2330135,"78-80 Trần Phú, Lộc Thọ, TP. Nha Trang, Khánh Hòa"
159,MLC Trương Định ,My Life Coffee,106.68947,10.778157,"22A , Trương Định, Phường 6, Quận 3, Thành Phố Hồ Chí Minh, VIỆT NAM"
160,Soya Garden - Quang Trung,Soya Garden,106.66339,10.836622,"145 Quang Trung, phường 10, quận Gò Vấp, Hồ Chí Minh, Việt Nam"
161,YiFang Tea Vincom Biên Hòa,YiFang Tea,106.8430488,10.9578273,"PG1-01 Vincom shophouse Biên Hòa, Đồng Nai, Việt Nam"
162,Soya Garden - Nguyễn Hồng Đào,Soya Garden,106.642808,10.795832,"136 - 138 Nguyễn Hồng Đào, phường 14, quận Tân Bình, thành phố Hồ Chí Minh"
163,Gongcha Tôn Thất Đạm,Gongcha,106.702403,10.77296,"143 Tôn Thất Đạm, Phường Bến Nghé, Quận 1, Thành Phố Hồ Chí Minh, VIỆT NAM"
164,Gong Cha Quang Trung,Gongcha,106.6622687,10.8351079,"Tầng trệt CoopMart Quang Trung, 304A Quang Trung, Phường 11, Quận Gò Vấp, Thành Phố Hồ Chí Minh, VIỆT NAM"
165,YiFang Tea 400A Trần Hưng Đạo,YiFang Tea,106.6601116,10.752122300000002,"400A Trần Hưng Đạo, Phường 11, Quận 5, Thành Phố Hồ Chí Minh, VIỆT NAM"
166,Passio - 786 Nguyễn Kiệm,Passio,106.6789433,10.8166482,"786 Nguyễn Kiệm, Phường 3, Quận Gò Vấp, Thành Phố Hồ Chí Minh, VIỆT NAM"
167,Effoc Đồng Nai,Effoc Coffee,106.6643474,10.7773439,"92 Đồng Nai, Phường 15, Quận 10, Thành Phố Hồ Chí Minh, VIỆT NAM"
168,Gongcha Thảo Điền Pearl,Gongcha,106.7298423,10.8103273,"Gian hàng L1-23+L1-24+L1-23T, Tầng 1, 12 Quốc Hương, Phường Thảo Điền, Quận 2, Thành Phố Hồ Chí Minh, VIỆT NAM"
169,Gongcha Nguyễn Sơn,Gongcha,106.6333217,10.780776800000002,"07 Nguyễn Sơn, Phường Phú Thạnh, Quận Tân Phú, Thành Phố Hồ Chí Minh, VIỆT NAM"
170,The Coffee House 8bis Hoàng Hoa Thám,The Coffee House,106.6898803,10.804542,"8Bis Hoàng Hoa Thám, P.7, Q.Bình Thạnh, Thành Phố Hồ Chí Minh, Việt Nam"
171,Phúc Long Coffee & Tea House - Sư Vạn Hạnh,Phúc Long Coffee & Tea House,106.669785,10.770941,"11 Sư Vạn Hạnh, Phường 12, Quận 10, Thành Phố Hồ Chí Minh, VIỆT NAM"
172,Tocotoco - 25 Lê Đại Hành,Tocotoco,105.849646,21.0099572,"25 Lê Đại Hành, Phường Lê Đại Hành, Quận Hai Bà Trưng, Hà Nội, VIỆT NAM"
173,Gong Cha Times City,Gongcha,105.864125,20.9911299,"Số 25, Ngõ 13 Lĩnh Mai, Phường Mai Động, Quận Hoàng Mai, Hà Nội, VIỆT NAM"
174,Apsara Café,Apsara Cafe,105.85919009999998,21.0243979,"Số 1 Phạm Ngũ Lão, Phường Phan Chu Trinh, Quận Hoàn Kiếm, Hà Nội, VIỆT NAM"
175,Heekcaa Saigon - TTTM Vincom Plaza Saigonres,HEEKCAA,106.7069828,10.8166837,"188 Nguyễn Xí, Thanh Đa, phường 26, quận Bình Thạnh, Hồ Chí Minh, Việt Nam"
176,TocoToco - 66 Trần Đại Nghĩa,Tocotoco,105.8451294,21.0010429,"66 Trần Đại Nghĩa, Phường Đồng Tâm, Quận Hai Bà Trưng, Hà Nội, VIỆT NAM"
177,TOCOTOCO ĐỒNG NAI,Tocotoco,106.6617345,10.7807214,"112 Đồng Nai,Phường 15,Quận 10, HCM"
178,thealleyquangtrung,THE ALLEY,106.661802,10.837522,"58 Quang Trung, Phường 11, Quận Gò Vấp, Thành Phố Hồ Chí Minh, VIỆT NAM"
179,Soya Garden - Giga Mall,Soya Garden,106.72222240000002,10.8283236,"Tầng 5 - Lô 26,27 TTTM Giga Mall, 240-242 Phạm Văn Đồng,P Hiệp Bình Chánh, Q Thủ Đức, TP HCM"
180,Phúc Long Coffee & Tea House - Aeon Bình Tân,Phúc Long Coffee & Tea House,106.611796,10.742892,"Số 1 Đường số 17A, Khu phố 11, Phường Bình Trị Đông B, Quận Bình Tân, Thành Phố Hồ Chí Minh, VIỆT NAM"
181,THE ALLEY HỒNG BÀNG,THE ALLEY,106.6477594,10.7537981,"493 Hồng Bàng, Phường 14, Quận 5, Thành Phố Hồ Chí Minh, VIỆT NAM"
182,Đen Đá Coffee Phan Xích Long,Đen Đá Coffee,106.684646,10.800134,"277 Phan Xích Long, Phường 2, Quận Phú Nhuận"
183,Đen Đá Coffee Phan Văn Trị,Đen Đá Coffee,106.691778,10.824297,"366 Phan Văn Trị, Quận Gò Vấp"
184,Đen Đá Coffee Pasteur,Đen Đá Coffee,106.698217,10.778466,"182 Pasteur, P.Bến Nghé, Quận 1"
185,The Coffee House Lý Thường Kiệt,The Coffee House,106.6553653,10.771892,"249 Lý Thường Kiệt, P.15, Q.11, Thành Phố Hồ Chí Minh, Việt Nam"
186,The Coffee House CMT8,The Coffee House,106.6786993,10.778368,"130 Cách Mạng Tháng 8, P.10, Q.3, Thành Phố Hồ Chí Minh, Việt Nam"
187,Gong Cha Phan Xích Long,Gongcha,106.685556,10.797673,"347 Phan Xích Long, Phường 1, Quận Phú Nhuận, Thành Phố Hồ Chí Minh, VIỆT NAM"
188,Sharetea Phạm Ngọc Thạch,Sharetea,105.831999,21.006958,"88 Phạm Ngọc Thạch, Phường Phương Liên, Quận Đống Đa, Hà Nội, VIỆT NAM"
189,Toocha 236K Lê Văn Sỹ,Toocha,106.666603,10.795758,"236K Lê Văn Sỹ, Phường 1, Quận Tân Bình, Thành Phố Hồ Chí Minh, VIỆT NAM"
190,Gongcha Vinhomes,Gongcha,106.7219896,10.7947506,"C1 SH04 Vinhome CP 208 Nguyễn Đức Cảnh, Phường 22, Quận Bình Thạnh, Thành Phố Hồ Chí Minh, VIỆT NAM"
191,Sharetea Vinhomes Central Park,Sharetea,106.721268,10.793511,"Vinhomes Central Park 208 Nguyễn Hữu Cảnh, Phường 22, Quận Bình Thạnh, Thành Phố Hồ Chí Minh, VIỆT NAM"
192,YiFang Tea Phan Văn Trị,YiFang Tea,106.6900526,10.825854,"366a Phan Văn Trị, phường 5, quận Gò Vấp, Hồ Chí Minh, Việt Nam"
193,Royal Tea Quận 12,ROYAL TEA,106.6457999,10.8765282,"10 Nguyễn Ảnh Thủ, Phường Hiệp Thành, Quận 12, Thành Phố Hồ Chí Minh, VIỆT NAM"
194,Cheese Coffee Thành Thái,Cheese Coffee,106.6640764,10.7753329,"154 Thành Thái, Phường 12, Quận 10, Thành Phố Hồ Chí Minh, VIỆT NAM"
195,LiBB House Coffee & Tea,LIBB HOUSE COFFEE,106.6617248,10.7646112,"198B  Nguyễn Kim, Phường 6, Quận 10, Thành Phố Hồ Chí Minh, VIỆT NAM"
196,Smoothie - Crescentmall,Smoothie,106.7186764,10.7287309,"Crescent Mall - 101  Tôn Dật Tiên, Phường Tân Phú, Quận 7, Thành Phố Hồ Chí Minh, VIỆT NAM"
197,Gong Cha Thủ Dầu Một,Gongcha,106.6699194,10.9749666,"309A-311 Đại Lộ Bình Dương, khu 12, Phường Chánh Nghĩa, Thành phố Thủ Dầu Một, Bình Dương, VIỆT NAM"
198,Sharetea Nguyễn Hữu Huân,Sharetea,105.85428799999998,21.034518,"32 - 34 Nguyễn Hữu Huân, Phường Đồng Xuân, Quận Hoàn Kiếm, Hà Nội, VIỆT NAM"
199,Trung Nguyên Legend,Trung Nguyên Legend,105.849734,21.028387,"08 Nhà Chung, Phường Tràng Tiền, Quận Hoàn Kiếm, Hà Nội, VIỆT NAM"
200,Trung Nguyên Legend,Trung Nguyên Legend,105.849734,21.028387,"08 Nhà Chung, Phường Tràng Tiền, Quận Hoàn Kiếm, Hà Nội, VIỆT NAM"
201,Gong Cha Aeon Mall Bình Dương,Gongcha,106.7116132,10.931964,"1 Đại lộ Bình Dương, Khu 12, Phường Chánh Nghĩa, Thành phố Thủ Dầu Một, Bình Dương, VIỆT NAM"
202,The Coffee House Bùi Thị Xuân,The Coffee House,105.8476623,21.013409,"122 Bùi Thị Xuân, Q.Hai Bà Trưng, Hà Nội, Việt Nam"
203,Hestia Coffee & Milktea 378 Võ Văn Tần,HESTIA CAFÉ,106.6844022,10.7704319,"378 Võ Văn Tần, Phường 5, Quận 3, Thành Phố Hồ Chí Minh, VIỆT NAM"
204,Share Tea Tôn Thất Thiệp,Sharetea,106.701994,10.773241,"33 Tôn Thất Thiệp, Phường Bến Nghé, Quận 1, Thành Phố Hồ Chí Minh, VIỆT NAM"
205,Toocha Garden Mall,Toocha,106.657143,10.7545959,"190, Hồng Bàng, Phường 12, Quận 5, Hồ Chí Minh, Việt Nam"
206,3T COFFEE QUẬN 1,3T COFFEE,106.686097,10.7939813,"355 Hoàng Sa, Phường Tân Định, Quận 1, Thành Phố Hồ Chí Minh, VIỆT NAM"
207,Trung Nguyên Legend,Trung Nguyên Legend,105.849734,21.028387,"08 Nhà Chung, Phường Tràng Tiền, Quận Hoàn Kiếm, Hà Nội, VIỆT NAM"
208,thealleyphanxichlong,THE ALLEY,106.68955359999998,10.7975269,"204 Phan Xích Long, Phường 2, Quận Phú Nhuận, Thành Phố Hồ Chí Minh, VIỆT NAM"
209,Passio - 126 Điện Biên Phủ,Passio,106.696109,10.789225,"126 Điện Biên Phủ, Phường Đa Kao, Quận 1, Thành Phố Hồ Chí Minh, VIỆT NAM"
210,Toocha 30 Bờ Bao Tân Thắng,Toocha,106.6175257,10.8016988,"30 Bờ Bao Tân Thắng, Phường Tân Kỳ, Quận Tân Phú, Thành Phố Hồ Chí Minh, VIỆT NAM"
211,TocoToco - Nguyễn Tri Phương,Tocotoco,106.66842,10.762822,"306 Nguyễn Tri Phương, Phường 4, Quận 10, Thành Phố Hồ Chí Minh, VIỆT NAM"
212,The Coffee House Trương Công Định,The Coffee House,106.6385861,10.7952662,"45 Trương Công Định, Phường 13, Quận Tân Bình, Thành Phố Hồ Chí Minh, VIỆT NAM"
213,Toocha Phan Văn Trị,Toocha,106.690991,10.824898,"366A23-A24  P5 Quận Gò Vấp Phan Văn Trị, Phường 5, Quận Gò Vấp, Thành Phố Hồ Chí Minh, VIỆT NAM"
214,KOI Aeon Tân Phú,KOI Thé,106.6175257,10.8016988,"F70, Tầng 1, Số 30 Bờ Bao Tân Thắng, Phường Sơn Kỳ, Quận Tân Phú, TP.HCM, VN"
215,BA LÁ TRÀ 515A NGUYỄN TRI PHƯƠNG,BA LÁ TRÀ,106.6674818,10.7657818,"515A Nguyễn Tri Phương, Phường 8, Quận 10, Thành Phố Hồ Chí Minh, VIỆT NAM"
216,Tocotoco - 114 Cầu Gỗ,Tocotoco,105.851666,21.032243,"114 Cầu Gỗ, Phường Hàng Đào, Quận Hoàn Kiếm, Hà Nội, VIỆT NAM"
217,Tocotoco - 387 Trương Định,Tocotoco,105.8465329,20.985497,"387 Trương Định, Phường Tân Mai, Quận Hoàng Mai, Hà Nội, VIỆT NAM"
218,KOI Thé Võ Văn Ngân,KOI Thé,106.758584,10.851157,"327 Võ Văn Ngân, Phường Bình Thọ, Quận Thủ Đức, Thành Phố Hồ Chí Minh, VIỆT NAM"
219,Trung Nguyên Legend,Trung Nguyên Legend,105.849734,21.028387,"08 Nhà Chung, Phường Tràng Tiền, Quận Hoàn Kiếm, Hà Nội, VIỆT NAM"
220,ViVa Coffee 45 Hoàng Hoa Thám,VIVO COFFEE,106.647116,10.799815,"45 Hoàng Hoa Thám, Phường 13, Quận Tân Bình, Thành Phố Hồ Chí Minh, VIỆT NAM"
221,Laha Coffee Điện Biên Phủ Quận 3,LAHA COFFEE,106.6822406,10.7752239,"343 Điện Biên Phủ, Phường 4, Quận 3, TP Hồ Chí Minh"
222,Trung Nguyên Legend,Trung Nguyên Legend,105.849734,21.028387,"08 Nhà Chung, Phường Tràng Tiền, Quận Hoàn Kiếm, Hà Nội, VIỆT NAM"
223,The Coffee House Nguyễn Thái Bình,The Coffee House,106.6966883,10.768198,"141 Nguyễn Thái Bình, P.Nguyễn Thái Bình, Q.1, Thành Phố Hồ Chí Minh, Việt Nam"
224,Toocha Vivo City,Toocha,106.690991,10.824898,"Lầu 4 Vivo City Nguyễn Văn Linh, Phường Bình Thuận, Quận 7, Thành Phố Hồ Chí Minh, VIỆT NAM"
225,Gong Cha Hội An,Gongcha,108.3246274,15.8771783,"40 Công Nữ Ngọc Khối Hoài Phô, Phường Cẩm Phô, Thành phố Hội An, Quảng Nam, VIỆT NAM"
226,Yifang Tea số 3 huỳnh thúc kháng,YiFang Tea,106.703648,10.773598,"3 Huỳnh Thúc Kháng, Phường Bến Nghé, Quận 1, Thành Phố Hồ Chí Minh, VIỆT NAM"
227,CAFE 63 SINCE 1987,CAFE 63,105.848725,21.017005,"63  Trần Nhân Tông, Phường Bùi Thị Xuân, Quận Hai Bà Trưng, Hà Nội, VIỆT NAM"
228,Phúc Long Coffee & Tea House - 1B Cộng Hòa,Phúc Long Coffee & Tea House,106.660673,10.800496,"1B-1B1 Cộng Hòa, Phường 4, Quận Tân Bình, Thành Phố Hồ Chí Minh, VIỆT NAM"
229,thealleyquan21,THE ALLEY,106.7357929,10.7809452,"17 Mai Chí Thọ, Phường Bình Khánh, Quận 2, Thành Phố Hồ Chí Minh, VIỆT NAM"
230,Gongcha Phú Mỹ Hưng,Gongcha,106.7137228,10.7221326,"175 Tôn Dật Tiên, Phường Tân Phong, Quận 7, Thành Phố Hồ Chí Minh, VIỆT NAM"
231,ROYAL TEA,ROYAL TEA,105.83148999999999,21.021715,"215 Tôn Đức THắng, Phường Hàng Bột, Quận Đống Đa, Hà Nội, VIỆT NAM"
232,R&B Tea Nguyễn Thái Học,R&B Tea,106.6970321,10.7650652,"84 Nguyễn Thái Học, Phường Cầu ông Lãnh, Quận 1, Hồ Chí Minh"
233,Gong Cha Vũng Tàu,Gongcha,107.0848923,10.3391965,"117 Hoàng Hoa Thám, Phường Thắng Tam, Thành phố Vũng Tàu, Bà Rịa - Vũng Tàu, VIỆT NAM"
234,Toocha Phan Xích Long,Toocha,106.687828,10.798712,"328-330  Phan Xích Long, Phường 1, Quận Phú Nhuận, Thành Phố Hồ Chí Minh, VIỆT NAM"
235,KOI Thé Pasteur,KOI Thé,106.701643,10.773383,"120 PASTEUR, Phường Bến Nghé, Quận 1, Thành Phố Hồ Chí Minh, VIỆT NAM"
236,KOI THÉ AEON MALL,KOI Thé,106.611974,10.743101,"Lô F29B, Aeon Mall Bình Tân, số 01  17A, Phường Bình Trị Đông B, Quận Bình Tân, Thành Phố Hồ Chí Minh, VIỆT NAM"
237,Passio - Him Lam,Passio,106.6955964,10.7438256,"Him Lam Đường D1, Phường Tân Hưng, Quận 7, Thành Phố Hồ Chí Minh, VIỆT NAM"
238,Phúc Long Coffee & Tea House - 26 Huỳnh Thúc Kháng,Phúc Long Coffee & Tea House,106.702606,10.772912,"26 Huỳnh Thúc Kháng, Phường Bến Nghé, Quận 1, Thành Phố Hồ Chí Minh, VIỆT NAM"
239,Phúc Long Coffee & Tea House - Kha Vạn Cân,Phúc Long Coffee & Tea House,106.7558348,10.8554018,"1012 Kha Vạn Cân, P. Linh Chiểu, Quận Thủ Đức"
240,Gongcha Thủ Đức,Gongcha,106.76670590000002,10.8496104,"101 Dân Chủ, KP2, Phường Bình Thọ, Quận Thủ Đức, Thành Phố Hồ Chí Minh, VIỆT NAM"
241,Toco Toco Dân Chủ - Thủ Đức,Tocotoco,106.76667,10.849398,"95 Dân Chủ, Khu phố 2, Phường Bình Thọ, Quận Thủ Đức, Thành Phố Hồ Chí Minh, VIỆT NAM"
242,Phúc Long Coffee & Tea House - 218A Tô Hiến Thành,Phúc Long Coffee & Tea House,106.66978799999998,10.770943,"218A  Thành Thái, Phường 15, Quận 10, Thành Phố Hồ Chí Minh, VIỆT NAM"
243,B59 COFFEE,B59 COFFEE,105.815958,20.993166,"59 Khương Trung, Phường Khương Đình, Quận Thanh Xuân, Hà Nội, VIỆT NAM"
244,The Coffee House Trần Quốc Thảo,The Coffee House,106.6796353,10.785435,"183F Trần Quốc Thảo, P.9, Q.3, Thành Phố Hồ Chí Minh, Việt Nam"
245,KOI THÉ PEARL PLAZA,KOI Thé,106.718553,10.800325,"L1-01 561A Điện Biên Phủ, Phường 25, Quận Bình Thạnh, Thành Phố Hồ Chí Minh, VIỆT NAM"
246,SOYA GARDEN HỒ ĐẮC DI,Soya Garden,105.8306028,21.011268,"3 Hồ Đắc Di, Nam Đồng, Đống Đa, Hà Nội, Việt Nam"
247,The Coffee House 178 Hậu Giang,The Coffee House,106.6227733,10.745917,"178 Hậu Giang, Phường 6, Quận 6, Thành Phố Hồ Chí Minh, VIỆT NAM"
248,Effoc Coffee Nguyễn Văn Quá,Effoc Coffee,106.629985,10.838567,"96/3 Nguyễn Văn Quá, Phường Đông Hưng Thuận, Quận 12, Thành Phố Hồ Chí Minh, VIỆT NAM"
249,Soya Garden - Vũ Huy Tấn,Soya Garden,106.6925826,10.7954366,"19M Khu dân cư Miếu Nổi, đường Vũ Huy Tấn, Phường 3, Quận Bình Thạnh, Thành phố Hồ Chí Minh"
250,Gongcha Vincom B,Gongcha,106.7020079,10.7787543,"45A Lý Tự Trọng, Phường Bến Thành, Quận 1, Thành Phố Hồ Chí Minh, VIỆT NAM"
251,The Coffee House Huỳnh Tấn Phát,The Coffee House,106.728922,10.747123,"400A Huỳnh Tấn Phát, Phường Bình Thuận, Quận 7, Thành Phố Hồ Chí Minh, VIỆT NAM"
252,Phúc Long Coffee & Tea House - Phúc Long Trần Duy Hưng Hà Nội,Phúc Long Coffee & Tea House,105.802901,21.013985100000014,"Đường Trần Duy Hưng, P. Trung Hòa, Quận Cầu Giấy, TP. Hà Nội"
253,Gongcha Nguyễn Thái Bình,Gongcha,106.658634,10.7995493,"59 Nguyễn Thái Bình, Phường 4, Quận Tân Bình, Thành Phố Hồ Chí Minh, VIỆT NAM"
254,Laha Coffee Trường Chinh Quận Tân Bình,LAHA COFFEE,106.6452902,10.7967961,"277a Trường Chinh, Phường 14, Tân Bình, Hồ Chí Minh, Việt Nam"
255,CAFE BABA,CAFE BABA,105.807777,21.019921,"33 Pháo Đài Láng, Phường Láng Thượng, Quận Đống Đa, Hà Nội, VIỆT NAM"
256,YiFang Tea Hậu Giang,YiFang Tea,106.645475,10.749868,"116 Đường Hậu Giang, phường 6, Quận 6, Hồ Chí Minh, Việt Nam"
257,Smoothie - Đề Thám,Smoothie,106.693564,10.767897,"223 Đề Thám, Phường Phạm Ngũ Lão, Quận 1, Thành Phố Hồ Chí Minh, VIỆT NAM"
258,Trung Nguyên Legend,Trung Nguyên Legend,105.849734,21.028387,"08 Nhà Chung, Phường Tràng Tiền, Quận Hoàn Kiếm, Hà Nội, VIỆT NAM"
259,TocoToco - Nguyễn Thị Thập,Tocotoco,106.708266,10.738987,"465 Nguyễn Thị Thập, Phường Tân Phong, Quận 7, Thành Phố Hồ Chí Minh, VIỆT NAM"
260,Heekcaa Saigon - Cửa hàng Phạm Hùng,HEEKCAA,106.669067,10.741583,"179A Phạm Hùng, Phường 4, Quận 8, Thành Phố Hồ Chí Minh, VIỆT NAM"
261,TocoToco - Huỳnh Tấn Phát,Tocotoco,106.7370277,10.7138524,"1360 Huỳnh Tấn Phát, Phường Phú Mỹ, Quận 7, Thành Phố Hồ Chí Minh, VIỆT NAM"
262,MR GOODTEA,MR GOOD TEA,105.832202,20.992677,"212 Lê Trọng Tấn, Phường Khương Mai, Quận Thanh Xuân, Hà Nội, VIỆT NAM"
263,The Coffee House Hoà Bình,The Coffee House,106.640941,10.768751,"44 Hòa Bình, Phường 5, Quận 11, Thành Phố Hồ Chí Minh, VIỆT NAM"
264,Phúc Long Coffee & Tea House - Crescent Mall,Phúc Long Coffee & Tea House,106.71858600000002,10.729135,"Tầng trệt, TTTM Crescent, Số 101 Tôn Dật Tiên, Phường Tân Phú, Quận 7, Thành Phố Hồ Chí Minh, VIỆT NAM"
265,Effoc Coffee Nguyễn Thị Kiêu,Effoc Coffee,106.6529834,10.8756605,"111 Nguyễn Thị Kiêu, Phường Thới An, Quận 12, Thành Phố Hồ Chí Minh, VIỆT NAM"
266,thealleynguyenhue,THE ALLEY,106.703539,10.7747746,"68 Nguyễn Huệ, Phường Bến Nghé, Quận 1, Thành Phố Hồ Chí Minh, VIỆT NAM"
267,Phúc Long Coffee & Tea House - 42 Phạm Hồng Thái,Phúc Long Coffee & Tea House,106.695584,10.771255,"42 Phạm Hồng Thái, Phường Bến Thành, Quận 1, Thành Phố Hồ Chí Minh, VIỆT NAM"
268,TOCOTOCO 201 ĐIỆN BIÊN PHỦ ,Tocotoco,106.7061096,10.7998683,"201 Điện Biên Phủ,P.15,Q. Bình Thạnh"
269,The Coffee House Bình Phú,The Coffee House,106.630231,10.743629,"111 - 113 Bình Phú, Phường 10, Quận 6, Thành Phố Hồ Chí Minh, VIỆT NAM"
270,The Coffee House Sư Vạnh Hạnh,The Coffee House,106.6663125,10.7740991,"798 Sư Vạn Hạnh, P.10, Q.10, Thành Phố Hồ Chí Minh, Việt Nam"
271,Tocotoco - Số 2 Trần Thái Tông,Tocotoco,105.78927659999998,21.0360469,"2 Trần Thái Tông, Phường Dịch Vọng, Quận Cầu Giấy, Hà Nội, VIỆT NAM"
272,MLC Trần Hưng Đạo ,My Life Coffee,106.692284,10.76429,"257  Trần Hưng Đạo, Phường Nguyễn Cư Trinh, Quận 1, Thành Phố Hồ Chí Minh, VIỆT NAM"
273,Taster's Choice Lương Định Của,Taster's Choice,105.836114,21.004979,"4 - B14 Lương Định Của, Hà Nội"
274,The Coffee House Biên Hoà,The Coffee House,106.830068,10.947749,"R132 Võ thị Sáu KP7, Phường Thống Nhất, Quận Biên Hoà, Thành Phố Hồ Chí Minh, VIỆT NAM"
275,Gong Cha - Estella,Gongcha,106.7484399,10.801837400000002,"L2-4, Tầng 2, Trung tâm thương mại Estella Place, 88 Song Hành, An Phú, Q.2, Tp.HCM, Việt Nam"
276,Trung Nguyên Legend,Trung Nguyên Legend,105.849734,21.028387,"08 Nhà Chung, Phường Tràng Tiền, Quận Hoàn Kiếm, Hà Nội, VIỆT NAM"
277,The Coffee House KĐT Trung Yên,The Coffee House,105.801702,21.01446,"12 Lô 14B, KĐT Mới Trung Yên, Trung Hòa, P.Trung Hoà, Q.Cầu Giấy, Hà Nội, Việt Nam"
278,The Coffee House Nguyễn Khánh toàn,The Coffee House,105.7977929,21.0388207,"160 Nguyễn Khánh Toàn, P.Quan Hoa, Q.Cầu Giấy, Hà Nội, Việt Nam"
279,Gong Cha Hoàng Đạo Thúy,Gongcha,105.8029221,21.0083109,"Tòa nhà 34T phố Hoàng Đạo Thúy,, Phường Trung Hoà, Quận Cầu Giấy, Hà Nội, VIỆT NAM"
280,BIDI COFFEE,BIDI COFFEE,106.6895249,10.7952997,"215 hoàng sa, Phường Tân Định, Quận 1, Thành Phố Hồ Chí Minh, VIỆT NAM"
281,Gong Cha Giảng Võ,Gongcha,105.8222874,21.0261162,"D2 Giảng Võ, Phường Ngọc Hà, Quận Ba Đình, Hà Nội, VIỆT NAM"
282,Trung Nguyên Legend,Trung Nguyên Legend,105.849734,21.028387,"08 Nhà Chung, Phường Tràng Tiền, Quận Hoàn Kiếm, Hà Nội, VIỆT NAM"
283,Gong Cha Lý Thường Kiệt,Gongcha,105.8455657,21.0249692,"56 Lý Thường Kiệt, Phường Cửa Nam, Quận Hoàn Kiếm, Hà Nội, VIỆT NAM"
284,Phúc Long Coffee & Tea House - Lotte Mart Q11,Phúc Long Coffee & Tea House,106.657075,10.763126,"1F-03 Tầng 1, Số 968 Đường 3/2, Phường 15, Quận 11, Thành Phố Hồ Chí Minh, VIỆT NAM"
285,The Coffee House Ngô Thời Nhiệm,The Coffee House,106.6876763,10.780728,"6A Ngô Thời Nhiệm, P.7, Q.3, Thành Phố Hồ Chí Minh, Việt Nam"
286,Toocha 229 - 233 Hoàng Diệu ,Toocha,106.7026322,10.7623328,"229 - 233 Hoàng Diệu, Phường 8, Quận 4,Thành Phố Hồ CHí Minh, VIỆT NAM"
287,Tocotoco - 102 Trần Duy Hưng,Tocotoco,105.8058402,21.0163703,"102 Trần Duy Hưng, Phường Trung Hoà, Quận Cầu Giấy, Hà Nội, VIỆT NAM"
288,Trung Nguyên Legend,Trung Nguyên Legend,105.849734,21.028387,"08 Nhà Chung, Phường Tràng Tiền, Quận Hoàn Kiếm, Hà Nội, VIỆT NAM"
289,Tocotoco - Vincom Nguyễn Chí Thanh,Tocotoco,105.8088928,21.0235358,"Vincom Center, 54 Nguyễn Chí Thanh, Phường Ngọc Khánh, Quận Ba Đình, Hà Nội, VIỆT NAM"
290,The Coffee House Tân Sơn Nhì,The Coffee House,106.632914,10.801008,"141 - 143 Tân Sơn Nhì, Phường Tân Sơn Nhì, Quận Tân Phú, Thành Phố Hồ Chí Minh, VIỆT NAM"
291,Laha Coffee Nguyễn Thị Minh Khai Quận 1,LAHA COFFEE,106.70085559999998,10.785951400000002,"18A Nguyễn Thị Minh Khai, phường Đa Kao, Quận 1, Hồ Chí Minh, Việt Nam"
292,Passio - 3 Nguyễn Lương Bằng,Passio,106.7215659,10.729267300000002,"03  Nguyễn Lương Bằng, Phường Tân Phú, Quận 7, Thành Phố Hồ Chí Minh, VIỆT NAM"
293,Trung Nguyên Legend,Trung Nguyên Legend,105.849734,21.028387,"08 Nhà Chung, Phường Tràng Tiền, Quận Hoàn Kiếm, Hà Nội, VIỆT NAM"
294,Passio - 7/28 Thành Thái,Passio,106.6660519,10.7692119,"7/28 Thành Thái, Phường 14, Quận 10, Thành Phố Hồ Chí Minh, VIỆT NAM"
295,Phúc Long Coffee & Tea House - Ngô Gia Tự,Phúc Long Coffee & Tea House,106.703325,10.72954,"317 Ngô Gia Tự, phường 3, Quận 10, Hồ Chí Minh, Việt Nam"
296,Toocha 175 Lê Văn Việt,Toocha,106.778349,10.846945,"175 Lê Văn Việt, Phường Hiệp Phú, Quận 9, Thành Phố Hồ Chí Minh, VIỆT NAM"
297,The Coffee House Duy Tân,The Coffee House,105.785255,21.031028,"36 Duy Tân, Phường Dịch Vọng Hậu, Quận Cầu Giấy, Ha Nội, VIỆT NAM"
298,Đen Đá Sư Vạn Hạnh,Đen Đá Coffee,106.667176,10.775744,"543 Sư Vạn Hạnh, Phường 3, Quận 10, Thành Phố Hồ Chí Minh, VIỆT NAM"
299,TRÀ SỮA KUBIN,TRÀ SỮA KUBIN,106.68102009999998,10.7786873,"35 Nguyễn Phúc Nguyên, Phường 10, Quận 3, Thành Phố Hồ Chí Minh, VIỆT NAM"
300,Passio - 279 Nguyễn Thái Bình,Passio,106.6541566,10.796946,"279 Nguyễn Thái Bình, Phường 12, Quận Tân Bình, Thành Phố Hồ Chí Minh, VIỆT NAM"
301,LAHA COFFEE UNG VĂN KHIÊM BÌNH THẠNH,LAHA COFFEE,106.7159429,10.8081367,"63 Ung Văn Khiêm, Phường 25, Bình Thạnh, Hồ Chí Minh, Việt Nam"
302,Toocha 439 Nguyễn Thị Thập,Toocha,106.7051919,10.7396785,"439 Nguyễn Thị Thập, Phường Tân Phong, Quận 7, Thành Phố Hồ Chí Minh, VIỆT NAM"
303,Cafe Muối,CAFE Muối,105.858409,21.019997,"18A Lê Thánh Tông, Phường Phan Chu Trinh, Quận Hoàn Kiếm, Hà Nội, VIỆT NAM"
304,The Coffee House Luỹ Bán Bích,The Coffee House,106.634359,10.7863229,"787 Lũy Bán Bích, Phường Phú Thọ Hoà, Quận Tân Phú, Thành Phố Hồ Chí Minh, VIỆT NAM"
305,YiFang Tea 738 Sư Vạn Hạnh,YiFang Tea,106.6714202,10.7721325,"738 Hẻm Sư Vạn Hạnh, Phường 12, Quận 10, Hồ Chí Minh, Việt Nam"
306,Tocotoco - 11 Trường Sơn,Tocotoco,106.6663603,10.7854108,"11 Trường Sơn, Phường 15, Quận 10, Thành Phố Hồ Chí Minh, VIỆT NAM"
307,Trung Nguyên Legend,Trung Nguyên Legend,105.849734,21.028387,"08 Nhà Chung, Phường Tràng Tiền, Quận Hoàn Kiếm, Hà Nội, VIỆT NAM"
308,Cafe Muối,CAFE Muối,105.858409,21.019997,"18A Lê Thánh Tông, Phường Phan Chu Trinh, Quận Hoàn Kiếm, Hà Nội, VIỆT NAM"
309,ROYAL TEA,ROYAL TEA,105.8118903,21.0345638,"30 Phan Kế Bính, Phường Cống Vị, Quận Ba Đình, Hà Nội, VIỆT NAM"
310,thealleynguyenduccanh,THE ALLEY,106.70881570000002,10.7242006,"137 Nguyễn Đức Cảnh, Phường Tân Phong, Quận 7, Thành Phố Hồ Chí Minh, VIỆT NAM"
311,Trung Nguyên Legend,Trung Nguyên Legend,105.849734,21.028387,"08 Nhà Chung, Phường Tràng Tiền, Quận Hoàn Kiếm, Hà Nội, VIỆT NAM"
312,Gong Cha Mỹ Tho,Gongcha,106.3620813,10.3605249,"212 Nam Kỳ Khởi Nghĩa, Phường 7, Thành phố Mỹ Tho, Tiền Giang, VIỆT NAM"
313,The Coffee House Bình Thới,The Coffee House,106.64848,10.762211,"45 dường số 5 cư xa Bình Thới, Phường 8, Quận 11, Thành Phố Hồ Chí Minh, VIỆT NAM"
314,Passio - 9 Nguyễn Đình Chiểu,Passio,106.697686,10.787918,"09  Nguyễn Đình Chiểu, Phường Đa Kao, Quận 1, Thành Phố Hồ Chí Minh, VIỆT NAM"
315,Tocotoco- 4/34 Nguyễn Oanh,Tocotoco,106.675571,10.839452,"4/34 Nguyễn Oanh, Phường 17, Quận 8"
316,Toocha Hà Huy Giáp ,Toocha,106.82258600000002,10.948761,"166  Hà Huy Giáp , Phường Bình Đa, Thành phố Biên Hòa, Đồng Nai, VIỆT NAM"
317,Cheese Coffee Hồng Bàng,Cheese Coffee,106.660263,10.7547084,"307 Hồng Bàng, Phường 11, Quận Bình Thạnh, Thành Phố Hồ Chí Minh, VIỆT NAM"
318,Phúc Long Coffee & Tea House - Bình Dương,Phúc Long Coffee & Tea House,106.711546,10.932419,"G31, Aeon Mall Bình Dương Đại lộ Bình Dương, Phường Thuận Giao, Thị xã Thuận An, Bình Dương, VIỆT NAM"
319,Phúc Long Coffee & Tea House - 21 NTMK,Phúc Long Coffee & Tea House,106.699692,10.784272,"21-23 Nguyễn Thị Minh Khai, Phường Bến Nghé, Quận 1, Thành Phố Hồ Chí Minh, VIỆT NAM"
320,Toocha 175B Cao Thắng,Toocha,106.6755872,10.7747088,"175B Cao Thắng, Phường 12, Quận 10, Thành Phố Hồ Chí Minh, VIỆT NAM"
321,Soya Garden - Lê Văn Sỹ,Soya Garden,106.6792699,10.7872695,"320 Lê Văn Sỹ, Phường 1, Tân Bình, Hồ Chí Minh, Việt Nam"
322,Tocotoco - HH4C Linh Đàm,Tocotoco,105.8260569,20.9635352,"54 - 56, Tòa HH4C Linh Đàm, 56 Linh Đàm, Phường Hoàng Liệt, Quận Hoàng Mai, Hà Nội, VIỆT NAM"
323,Trung Nguyên Legend,Trung Nguyên Legend,105.849734,21.028387,"08 Nhà Chung, Phường Tràng Tiền, Quận Hoàn Kiếm, Hà Nội, VIỆT NAM"
324,Tocotoco - 259 Bạch Mai,Tocotoco,105.8510295,21.0030429,"259 Bạch Mai, Phường Bạch Mai, Quận Hai Bà Trưng, Hà Nội, VIỆT NAM"
325,vivastar99dt1,VIVO COFFEE,106.6589493,10.7826294,"99 Đất Thánh, Phường 6, Quận Tân Bình, Thành Phố Hồ Chí Minh, VIỆT NAM"
326,Royal Tea 111 Nguyễn Thái Học.,ROYAL TEA,106.695474,10.767431,"111 Nguyễn Thái Học, Phường Cầu Ông Lãnh, Quận 1, Thành Phố Hồ Chí Minh, VIỆT NAM"
327,Laha Coffee Khu Công Nghệ Cao Quận 9,LAHA COFFEE,106.7985617,10.8507688,"Lô T2-1.2 Đường D1, Khu Công Nghệ Cao, Phường Tân Phú, Quận 9, Hồ Chí Minh, Việt Nam"
328,Toocha 540 Cách Mạng Tháng 8,Toocha,106.667177,10.785687,"540 Cách Mạng Tháng 8, Phường 11, Quận 3,Thành Phố Hồ CHí Minh, VIỆT NAM"
329,The Cofee House D2,The Coffee House,106.715906,10.805653,"157-157A , Đường D2, Phường 25, Quận Bình Thạnh, Thành Phố Hồ Chí Minh, VIỆT NAM"
330,KOI THÉ PHẠM HỒNG THÁI,KOI Thé,106.696263,10.771402,"24 Phạm Hồng Thái, Phường Bến Thành, Quận 1, Thành Phố Hồ Chí Minh, VIỆT NAM"
331,Phúc Long Coffee & Tea House - Nguyễn Văn Linh Đà Nẵng,Phúc Long Coffee & Tea House,108.2206666,16.0607649,"59-61 Nguyễn Văn Linh, Phường Phước Ninh, Quận Hải Châu, TP. Đà Nẵng"
332,Laha Coffee Phan Xích Long Quận Phú Nhuận,LAHA COFFEE,106.6909608,10.797301,"259 Phan Xích Long, Phường 2, Quận Phú Nhuận, Thành Phố Hồ Chí Minh, VIỆT NAM"
333,CAFE 63 SINCE 1988,CAFE 63,105.848725,21.017005,"63  Trần Nhân Tông, Phường Bùi Thị Xuân, Quận Hai Bà Trưng, Hà Nội, VIỆT NAM"
334,The Coffee House Hồng Hà,The Coffee House,106.6648883,10.813179,"18 Hồng Hà, Phường 2, Quận Tân Bình, Thành Phố Hồ Chí Minh, VIỆT NAM"
335,The Coffee House Phan Đăng Lưu,The Coffee House,106.68386,10.802463,"141 Phan Đăng Lưu, Phường 3, Quận Phú Nhuận, Thành Phố Hồ Chí Minh, VIỆT NAM"
336,Sharetea Cổ Linh,Sharetea,105.8990103,21.026990100000013,"Tầng 1 Aeon Mall Long Biên 27 đường Cổ Linh,, Phường Long Biên, Quận Long Biên, Hà Nội, VIỆT NAM"
337,ROYAL TEA,ROYAL TEA,105.81153700000002,21.011432,"96 Láng Hạ, Phường Láng Hạ, Quận Đống Đa, Hà Nội, VIỆT NAM"
338,Trung Nguyên Legend,Trung Nguyên Legend,105.849734,21.028387,"08 Nhà Chung, Phường Tràng Tiền, Quận Hoàn Kiếm, Hà Nội, VIỆT NAM"
339,Passio - 285CMT8 - VIETTEL,Passio,106.6795138,10.7786801,"285 Cách mạng tháng 8 , Phường 10, Quận 10, Thành Phố Hồ Chí Minh, VIỆT NAM"
340,Sharetea Nguyễn Chí Thanh	,Sharetea,105.806106,21.01693,"78  Nguyễn Chí Thanh, Phường Phương Liên, Quận Đống Đa, Hà Nội, VIỆT NAM"
341,Phúc Long Coffee & Tea House - 122 Lê Lợi,Phúc Long Coffee & Tea House,106.698824,10.772328,"122 Lê Lợi, Phường Bến Thành, Quận 1, Thành Phố Hồ Chí Minh, VIỆT NAM"
342,Phúc Long Coffee & Tea House - Phúc Long GigaMall,Phúc Long Coffee & Tea House,106.72222240000002,10.8283236," số 240-242 Phạm Văn Đồng, P. Hiệp Bình Chánh, Quận Thủ Đức"
343,Toocha Hồ Tùng Mậu,Toocha,106.703796,10.771572,"53   Hồ Tùng Mậu, Phường Bến Nghé, Quận 1, Thành Phố Hồ Chí Minh, VIỆT NAM"
344,Passio - 199 Điện Biên Phủ,Passio,106.698976,10.796756,"199 Điện Biên Phủ, Phường 6, Quận Bình Thạnh, Thành Phố Hồ Chí Minh, VIỆT NAM"
345,thealleynttq7,THE ALLEY,106.6819692,10.7659336,"510 Nguyễn Thị Thập, Phường Tân Quy, Quận 7, Thành Phố Hồ Chí Minh, VIỆT NAM"
346,Tocotoco - 60 Hồ Tùng Mậu,Tocotoco,105.7777619,21.0368122,"60 Hồ Tùng Mậu, Phường Mai Dịch, Quận Cầu Giấy, Hà Nội, VIỆT NAM"
347,Phúc Long Coffee & Tea House - Đinh Tiên Hoàng,Phúc Long Coffee & Tea House,106.695683,10.791907,"179 Đinh Tiên Hoàng, Phường Tân Định, Quận 1, Thành Phố Hồ Chí Minh, VIỆT NAM"
348,BA LÁ TRÀ 74 NGUYỄN CƠ THẠCH,BA LÁ TRÀ,106.7242277,10.7716334,"Tòa nhà Sarimi số 74 Nguyễn Cơ Thạch, Phường An Lợi Đông, Quận 2, Thành Phố Hồ Chí Minh, VIỆT NAM"
349,Toocha An Dương Vương,Toocha,106.675913,10.758061,"477   An Dương Vương, Phường 3, Quận 5, Thành Phố Hồ Chí Minh, VIỆT NAM"
350,The Coffee House Kim Mã,The Coffee House,105.8199323,21.031234,"259 Kim Mã, Q.Ba Đình, Hà Nội, Việt Nam"
351,YiFang Taiwan Fruit Tea- 11 Thanh niên,YiFang Tea,105.83621399999998,21.0435439,"11 Thanh Niên, Phường Quán Thánh, Quận Ba Đình, Hà Nội, VIỆT NAM"
352,Share Tea Nguyễn Huệ,Sharetea,106.703673,10.773694,"113 	 Nguyễn Huệ, Phường Bến Nghé, Quận 1, Thành Phố Hồ Chí Minh, VIỆT NAM"
353,Phúc Long Coffee & Tea House - 325 Lý Tự Trọng,Phúc Long Coffee & Tea House,106.693686,10.771479,"325 Lý Tự Trọng, Phường Bến Thành, Quận 1, Thành Phố Hồ Chí Minh, VIỆT NAM"
354,Trung Nguyên Legend,Trung Nguyên Legend,105.849734,21.028387,"08 Nhà Chung, Phường Tràng Tiền, Quận Hoàn Kiếm, Hà Nội, VIỆT NAM"
355,Trung Nguyên Legend,Trung Nguyên Legend,105.849734,21.028387,"08 Nhà Chung, Phường Tràng Tiền, Quận Hoàn Kiếm, Hà Nội, VIỆT NAM"
356,The Coffee House Nguyễn Văn Lượng,The Coffee House,106.6691913,10.838822,"258 Nguyễn Văn Lượng, P.17, Q.Gò Vấp, Thành Phố Hồ Chí Minh, Việt Nam"
357,KOI THÉ NGUYỄN ĐỨC CẢNH,KOI Thé,106.708585,10.727897,"157 Nguyễn Đức Cảnh, Phường Tân Phong, Quận 7, Thành Phố Hồ Chí Minh, VIỆT NAM"
358,CÀ PHÊ MILANO HIMLAM.,CAFE MILANO,106.6994736,10.744957,"B5 Đường 4D KDC Him Lam, Phường Tân Hưng, Quận 7, Thành Phố Hồ Chí Minh, VIỆT NAM"
359,Gong Cha Vinh,Gongcha,105.6773999,18.6765424,"1 Lê Hồng Phong, Phường Hưng Bình, Thành phố Vinh, Nghệ An, VIỆT NAM"
360,Gong Cha Phan Xích Long,Gongcha,106.6838781,10.8010423,"160 Phan Xích Long, phường 2, Phú Nhuận, Hồ Chí Minh, Việt Nam"
361,LaHa Coffee Đinh Tiên Hoàng Quận Bình Thạnh,LAHA COFFEE,106.6940652,10.7998172,"127g Đinh Tiên Hoàng, Phường 3, Quận Bình Thạnh, Thành Phố Hồ Chí Minh, VIỆT NAM"
362,Effoc Coffee Lũy Bán Bích,Effoc Coffee,106.635876,10.781547,"691 Luỹ Bán Bích, Phường Phú Thọ Hòa, Quận Tân Phú, Thành Phố Hồ Chí Minh, VIỆT NAM"
363,Tocotoco - 23 Tôn Đản,Tocotoco,106.707797,10.761245,"23 Tôn Đản, Phường 13, Quận 4, Thành Phố Hồ Chí Minh, VIỆT NAM"
364,Sharetea Sư Vạn Hạnh,Sharetea,106.670403,10.770227,"353 Sư Vạn Hạnh, Phường 12, Quận 10, Thành Phố Hồ Chí Minh, VIỆT NAM"
365,The Coffee House Nguyễn Thị Thập,The Coffee House,106.7131079,10.738242800000002,"313 Nguyễn Thị Thập, P.Tân Phú, Q.7, Thành Phố Hồ Chí Minh, Việt Nam"
366,Phúc Long Coffee & Tea House - 382 Trần Hưng Đạo,Phúc Long Coffee & Tea House,106.660805,10.752193,"382 Trần Hưng Đạo, Phường 11, Quận 5, Thành Phố Hồ Chí Minh, VIỆT NAM"
367,Royal Tea Ngọc Khánh,ROYAL TEA,105.817836,21.0256909,"14 Ngọc Khánh, Ngọc Khánh, Ba Đình, Hà Nội, Việt Nam"
368,Gongcha Masteri,Gongcha,106.7419092,10.8024013,"Shop house 8, tầng trệt toà nhà B tháp T5 Masteri, 159 Xa Lộ Hà Nội, Phường Thảo Điền, Quận 2, Thành Phố Hồ Chí Minh, VIỆT NAM"
